,num_nodes,burnt_nodes,instance,D,B,algorithm,infeasible,runtime,not_interrupted,objective,is_upper_bound,D_max,defended_seq,distances
0,40,[17],7,3,1,moving,False,0.026037931442260742,True,6.0,False,[39],"[[39, 0, 0], [38, 1, 0], [38, 1, 1], [38, 1, 2]]",[0.5]
1,40,[17],7,3,2,moving,False,0.9842560291290283,True,9.0,False,[39],"[[39, 0, 0], [39, 1, 0], [39, 1, 1], [39, 1, 2], [31, 2, 0], [31, 2, 1], [30, 2, 2]]","[0.0, 1.9]"
2,40,[17],7,3,3,moving,False,31.190793991088867,True,13.0,False,[39],"[[39, 0, 0], [39, 1, 0], [39, 1, 1], [39, 1, 2], [31, 2, 0], [31, 2, 1], [30, 2, 2], [36, 3, 0], [36, 3, 1], [36, 3, 2]]","[0.0, 1.9000000000000001, 2.85]"
3,40,[17],7,3,4,moving,False,94.49231290817261,True,19.0,False,[39],"[[39, 0, 0], [39, 1, 0], [39, 1, 1], [39, 1, 2], [31, 2, 0], [31, 2, 1], [30, 2, 2], [30, 3, 0], [30, 3, 1], [30, 3, 2], [33, 4, 0], [32, 4, 1], [28, 4, 2]]","[0.0, 1.9000000000000001, 1.9000000000000001, 3.85]"
4,40,[17],7,3,5,moving,False,570.3225581645966,True,22.0,False,[39],"[[39, 0, 0], [39, 1, 0], [39, 1, 1], [39, 1, 2], [39, 2, 0], [39, 2, 1], [31, 2, 2], [14, 3, 0], [14, 3, 1], [14, 3, 2], [14, 4, 0], [11, 4, 1], [11, 4, 2], [11, 5, 0], [11, 5, 1], [2, 5, 2]]","[0.0, 1.4000000000000001, 2.8000000000000003, 3.3000000000000003, 4.25]"
5,40,[17],7,3,6,moving,False,707.3209249973297,True,22.0,True,[39],"[[39, 0, 0], [39, 1, 0], [39, 1, 1], [39, 1, 2], [31, 2, 0], [31, 2, 1], [31, 2, 2], [31, 3, 0], [14, 3, 1], [14, 3, 2], [20, 4, 0], [20, 4, 1], [20, 4, 2], [27, 5, 0], [27, 5, 1], [27, 5, 2], [27, 6, 0], [37, 6, 1], [37, 6, 2]]","[0.0, 1.4000000000000001, 2.8000000000000003, 3.3000000000000003, 3.8000000000000003, 5.65]"
